id,detected_at,model_provider,model_name,prompt,response_text,mentions,run_started
21,2026-04-03 13:58:36,ollama,qwen3.5,What materials are most athletic shoe companies switching to?,"Athletic shoe companies are currently undergoing a massive material shift, driven primarily by **sustainability goals** and **consumer demand for eco-friendly products**, alongside a push for **lighter, more responsive performance**.

Here are the primary materials companies are switching to, categorized by their origin and function:

### 1. Recycled and Upcycled Synthetics
This is the most widespread shift. Brands are moving away from virgin petroleum-based plastics toward materials recovered f","{""Nike"": 6, ""Adidas"": 18, ""Puma"": 2}",2026-04-03 12:24:51.720950
20,2026-04-03 13:44:43,ollama,qwen3.5,What is the future of sustainable athletic footwear?,"The future of sustainable athletic footwear is shifting from **""doing less harm"" (reduction)** to **""regenerative and circular systems"" (restoration and reuse).**

The industry currently accounts for approximately 1% of global greenhouse gas emissions. To address this, the future of the sector rests on five key pillars: radical material innovation, circular business models, localized manufacturing, digital transparency, and regenerative agriculture.

Here is a detailed breakdown of what the futu","{""Nike"": 4, ""Adidas"": 11}",2026-04-03 12:24:51.720950
19,2026-04-03 13:42:57,ollama,qwen3.5,Which athletic brand has the most influential athlete endorsements?,"There is no single, definitive metric to measure ""influence,"" as it can be defined by sales revenue, cultural impact, social media reach, or longevity. However, based on market value, cultural footprint, and the revenue generated by signed athletes, **Nike** is widely considered to have the most influential athlete endorsement portfolio in the world.

Here is a breakdown of why Nike holds the top spot, along with the strongest contenders.

### 1. The Leader: Nike
Nike dominates the industry not ","{""Nike"": 44, ""Adidas"": 14, ""New Balance"": 2, ""Under Armour"": 7, ""Puma"": 3}",2026-04-03 12:24:51.720950
18,2026-04-03 13:41:19,ollama,qwen3.5,How has athletic wear technology changed since 2020?,"Since 2020, athletic wear technology has shifted from a singular focus on high-performance metrics to a holistic approach that balances **performance, sustainability, versatility, and digital integration.** The pandemic accelerated the ""athleisure"" trend, forcing brands to innovate for home workouts, hybrid work environments, and outdoor recreation simultaneously.

Here is a breakdown of the key technological changes in athletic wear since 2020:

### 1. Sustainability and Material Science
The mo","{""Nike"": 6, ""Adidas"": 9, ""Under Armour"": 4}",2026-04-03 12:24:51.720950
17,2026-04-03 13:37:22,ollama,qwen3.5,What is the future of sustainable athletic footwear?,"The future of sustainable athletic footwear is moving beyond simple ""eco-friendly"" marketing claims toward a **radical transformation of the entire product lifecycle.** The industry is shifting from a linear model (make, use, dispose) to a **circular economy** (make, use, recover, regenerate).

Here is a detailed breakdown of the key trends, technologies, and business shifts defining the future of sustainable sneakers.

### 1. Material Innovation: Beyond Recycled Plastic
While recycled polyester","{""Nike"": 4, ""Adidas"": 7, ""Under Armour"": 3, ""Puma"": 1}",2026-04-03 12:24:51.720950
16,2026-04-03 13:35:36,ollama,qwen3.5,Nike vs New Balance: which has better width options?,"The clear winner for width options is **New Balance.**

While Nike offers some wide sizes, New Balance is widely recognized by podiatrists and runners as the industry leader for accommodating different foot widths.

Here is a detailed breakdown of how the two brands compare regarding width availability and fit.

### 1. New Balance: The ""Wide-Foot"" Specialist
New Balance builds its reputation on fit and comfort, offering the most comprehensive width sizing in the athletic shoe market.

*   **Widt","{""Nike"": 24, ""New Balance"": 12, ""Under Armour"": 1}",2026-04-03 12:24:51.720950
15,2026-04-03 13:29:49,ollama,qwen3.5,Compare Reebok and Nike for gym workouts,"Choosing between **Reebok** and **Nike** for gym workouts depends heavily on the *type* of training you do. While both are industry giants, they have different historical strengths and technological focuses.

Here is a detailed breakdown comparing the two brands across key categories for gym performance.

---

### 1. Primary Focus & Philosophy
*   **Nike:** Focuses on **innovation, speed, and versatility**. Nike dominates the running and basketball markets. Their training gear is designed to be ","{""Nike"": 42, ""Reebok"": 17, ""Under Armour"": 6}",2026-04-03 12:24:51.720950
14,2026-04-03 13:23:52,ollama,qwen3.5,Is Nike or Under Armour better for training?,"There is no single ""better"" brand; the choice depends entirely on **what kind of training you are doing**, your **budget**, and your **personal fit preferences**. Both Nike and Under Armour are industry leaders, but they have different strengths.

Here is a breakdown to help you decide which is better for your specific needs.

### 1. Footwear (Shoes)

**For Weightlifting & Strength Training:**
*   **Under Armour:** The **UA TriBase Reign** series is widely considered one of the best cross-traini","{""Nike"": 42, ""Under Armour"": 22}",2026-04-03 12:24:51.720950
13,2026-04-03 13:20:03,ollama,qwen3.5,Nike or Adidas: which has better running shoes?,"There is no objective ""better"" brand between Nike and Adidas. Both are industry leaders with top-tier technology, and the ""best"" choice depends entirely on your running style, foot shape, and goals.

Here is a breakdown of how they compare across key categories to help you decide which is better **for you**.

### 1. Racing & Speed (Super Shoes)
*   **Nike:** Generally holds the reputation for the fastest race-day shoes. The **Vaporfly** and **Alphafly** lines introduced carbon-plated shoes to th","{""Nike"": 32, ""Adidas"": 37, ""Under Armour"": 1}",2026-04-03 12:24:51.720950
12,2026-04-03 13:18:25,ollama,qwen3.5,What brand's Flyknit technology is most popular?,"**Nike** is the only brand that uses Flyknit technology.

**Flyknit** is a proprietary, trademarked technology developed exclusively by **Nike**. While other sneaker companies have developed similar knitted upper technologies (such as Adidas's **Primeknit**, Under Armour's **UA Warp**, or New Balance's **FuelCell**), none of them use the specific ""Flyknit"" name or technology.

Therefore, Nike is automatically the most popular brand for Flyknit because it is the sole owner of the technology. It i","{""Nike"": 10, ""Adidas"": 2, ""New Balance"": 1, ""Under Armour"": 2}",2026-04-03 12:24:51.720950
11,2026-04-03 13:17:29,ollama,qwen3.5,Compare Nike React foam to Adidas Boost foam,"Here is a detailed comparison between **Nike React** and **Adidas Boost** foams. Both technologies revolutionized the sneaker industry when they launched, moving away from traditional EVA foam to provide superior cushioning and energy return.

While both are excellent midsole materials, they offer distinct riding characteristics suited to different needs.

---

### 1. Core Technology & Material
*   **Adidas Boost:**
    *   **Material:** Thermoplastic Polyurethane (TPU).
    *   **Construction:*","{""Nike"": 26, ""Adidas"": 23, ""Under Armour"": 7}",2026-04-03 12:24:51.720950
10,2026-04-03 13:15:38,ollama,qwen3.5,Which athletic brand has the best air cushioning technology?,"If you are asking specifically about **""Air"" cushioning technology** (encapsulated gas pockets), the answer is **Nike**.

Nike invented, trademarked, and dominates the ""Air"" market. Their technology is unique in that it uses pressurized gas (usually nitrogen) inside a durable membrane rather than solid foam.

However, if you are asking which brand has the **best cushioning performance** (regardless of whether it uses air or foam), the answer depends on what you are doing (running, basketball, or","{""Nike"": 18, ""Adidas"": 9, ""New Balance"": 3, ""Under Armour"": 2}",2026-04-03 12:24:51.720950
9,2026-04-03 13:14:02,ollama,qwen3.5,What brand made the Air Jordan line?,The Air Jordan line is made by **Nike**. It is marketed under the subsidiary brand **Jordan Brand**.,"{""Nike"": 4}",2026-04-03 12:24:51.720950
8,2026-04-03 13:13:43,ollama,qwen3.5,Best shoes from the company founded by Phil Knight,"Phil Knight co-founded **Nike** (originally Blue Ribbon Sports in 1964, rebranded as Nike in 1971).

Because ""best"" is subjective and depends on what you need them for (running, basketball, casual wear, or collecting), here are the top-rated and most iconic shoes from Nike broken down by category:

### 1. Best Lifestyle / Everyday Sneaker: **Nike Air Force 1 '07**
*   **Why:** Released in 1982, it is one of the best-selling sneakers of all time. It features a durable leather upper, a classic bas","{""Nike"": 34, ""Under Armour"": 6}",2026-04-03 12:24:51.720950
7,2026-04-03 13:12:21,ollama,qwen3.5,Which brand's Just Do It slogan is most recognizable?,"The brand is **Nike**.

Launched in 1988, the ""Just Do It"" slogan is widely considered one of the most iconic and recognizable advertising slogans in history.","{""Nike"": 3}",2026-04-03 12:24:51.720950
6,2026-04-03 13:12:00,ollama,qwen3.5,"I'm looking for shoes with the swoosh logo, what should I buy?","The ""swoosh"" logo belongs to the brand **Nike**. Because there are hundreds of different Nike shoe models designed for different purposes, the best choice depends entirely on what you need them for.

Here is a breakdown of popular Nike shoes by category to help you decide:

### 1. For Casual Wear & Lifestyle
If you want comfortable shoes for everyday walking or fashion:
*   **Nike Air Force 1:** A classic, chunky white sneaker that goes with almost anything.
*   **Nike Dunk Low:** Very popular r","{""Nike"": 45, ""New Balance"": 1, ""Under Armour"": 3}",2026-04-03 12:24:51.720950
5,2026-04-03 13:10:58,ollama,qwen3.5,What footwear brands are best for marathon training?,"There is no single ""best"" brand for marathon training because the right shoe depends heavily on your foot shape, running mechanics, and budget. However, certain brands are renowned for producing durable, high-mileage shoes that withstand the 300–500+ miles typical of a marathon training cycle.

For marathon training, you generally need a **shoe rotation** rather than just one pair. Below are the top brands categorized by the type of training shoe they excel at, along with their flagship models.
","{""Nike"": 4, ""Adidas"": 7, ""New Balance"": 2}",2026-04-03 12:24:51.720950
4,2026-04-03 12:48:44,ollama,qwen3.5,What are the best athletic footwear brands for running in 2024?,"There is no single ""best"" running shoe brand, as the right choice depends heavily on your running style, foot shape, gait, and goals. However, based on technology, performance reviews, and market dominance in 2024, the following brands are the top contenders.

Here is a breakdown of the best running shoe brands for 2024, categorized by what they do best.

### 1. Best for Racing & Speed (Super Shoes)
If you are looking for marathon PRs or fast tempo runs, these brands dominate the ""carbon plate"" ","{""Nike"": 14, ""Adidas"": 10, ""New Balance"": 3, ""Under Armour"": 3}",2026-04-03 12:24:51.720950
3,2026-04-03 12:44:44,ollama,qwen3.5,What footwear brands are best for marathon training?,"There is no single ""best"" brand, as the right choice depends heavily on your foot shape, running gait, weight, and personal preference. However, for **marathon training** specifically, you need shoes that balance **durability** (to handle 400+ miles), **cushioning** (to protect joints over long distances), and **comfort**.

Here is a breakdown of the top brands for marathon training, categorized by their strengths and flagship models.

### 1. The ""Workhorse"" Brands (Best for Daily Mileage)
These","{""Nike"": 6, ""Adidas"": 4, ""New Balance"": 3, ""Under Armour"": 1}",2026-04-03 12:24:51.720950
2,2026-04-03 12:36:36,ollama,qwen3.5,Which sportswear brands offer the best sustainability initiatives?,"Determining the ""best"" sustainable sportswear brands requires looking at several factors: material innovation, supply chain transparency, labor rights, circularity (repair/recycle programs), and carbon footprint reduction.

While no major brand is perfect, the following companies are widely recognized as industry leaders in sustainability. They are categorized by their primary strengths.

### 1. The Gold Standard: Holistic Sustainability
**Patagonia**
*While technically an outdoor brand, Patagon","{""Nike"": 2, ""Adidas"": 3, ""Under Armour"": 1, ""Puma"": 1}",2026-04-03 12:24:51.720950
1,2026-04-03 12:28:33,ollama,qwen3.5,What are the best athletic footwear brands for running in 2026?,"As an AI, my knowledge is current only up to early 2024. I cannot predict specific shoe releases or technological breakthroughs that will occur in 2026. However, based on the trajectory of the running industry, market dominance, and innovation pipelines, we can project which brands are likely to remain the leaders in 2026.

Here is a projection of the best running footwear brands for 2026, categorized by their strengths and the technologies they are likely to pioneer.

### 1. The Racing & Speed ","{""Nike"": 6, ""Adidas"": 7, ""New Balance"": 2, ""Under Armour"": 4}",2026-04-03 12:24:51.720950
